RelativeX_1_rate,RelativeX_1_magnitude,RelativeX_1_mean,RelativeX_1_start
0.23978162735176584,1.1989081367588292,-0.43043139862992746,30
