NPC1Y_2_rate,NPC1Y_2_magnitude,NPC1Y_2_mean,NPC1Y_2_start
0.1567524205311201,1.2540193642489612,4134532.552590743,40
